Locality,Avg_Price,Avg_Price_Per_Sqft,Avg_Carpet_Area,Avg_Metro_Distance,Avg_Luxury_Score
Malabar Hill,80658657.67284991,69257.27993254637,1167.239460370995,28.252951096121418,4.811129848229342
Breach Candy,78662297.11375213,65879.60950764007,1193.886247877759,23.062818336162987,4.932088285229202
Cuffe Parade,77768920.06525286,66784.92495921697,1167.5073409461663,8.265905383360522,4.853181076672104
Walkeshwar,74177044.40789473,64380.94407894737,1150.4720394736842,29.463815789473685,4.865131578947368
BKC (Bandra-Kurla),72800948.5049834,61757.51328903654,1171.5980066445184,8.89202657807309,4.8604651162790695
Worli,72458575.70715474,62703.63560732113,1155.0349417637271,9.198003327787022,4.856905158069884
Marine Drive,70839432.8358209,60446.21227197347,1171.888888888889,20.58872305140962,4.91044776119403
Pedder Road,70584609.91735537,61607.58842975207,1150.0462809917356,21.932231404958678,4.798347107438016
Bandra West,63443546.57293497,54108.88049209139,1170.6485061511423,29.339191564147626,4.961335676625659
Prabhadevi,61338107.92580101,51828.15008431703,1184.7757166947724,11.040472175379426,4.959527824620573
Juhu,57089033.2103321,49284.88745387454,1153.8081180811807,28.27859778597786,4.911439114391144
Khar West,53267512.152777776,45014.975694444445,1176.657986111111,27.96527777777778,4.854166666666667
Nariman Point,49250310.051107325,56666.3594548552,870.488926746167,14.984667802385008,4.206132879045996
Mahalaxmi,45382890.163934425,50342.44754098361,908.0524590163934,9.385245901639344,4.167213114754098
Colaba,43743111.87607573,49748.81755593804,883.3356282271945,26.0447504302926,4.259896729776248
Tardeo,39268968.01346801,47329.732323232325,833.3484848484849,22.57239057239057,4.158249158249158
Lower Parel,35484119.658119656,43866.78632478633,807.0,22.157264957264957,1.1384615384615384
Santacruz West,34350203.125,41289.791666666664,833.28125,9.038194444444445,1.1979166666666667
Parel,31871231.03448276,37390.88965517242,854.7275862068966,25.867241379310343,1.2793103448275862
Dadar West,30295715.24288107,34920.979899497484,865.4556113902847,7.432160804020101,1.2227805695142377
Bandra East,30219412.162162162,35526.70945945946,853.8192567567568,21.469594594594593,1.179054054054054
Vile Parle West,29332283.630470015,34566.18476499189,842.9141004862237,22.983792544570502,1.2123176661264181
Andheri West,25303324.758842442,28872.118971061092,877.4228295819936,19.485530546623796,1.270096463022508
Byculla,24956212.218649518,30228.453376205787,827.2025723472669,25.655948553054664,1.135048231511254
Wadala,24542552.721088436,29528.756802721087,827.9302721088435,9.302721088435375,1.1870748299319729
Dadar East,23835026.687598117,27657.978021978022,869.0910518053375,19.416012558869703,1.218210361067504
Matunga,23625253.012048192,27691.530120481926,852.8055077452668,23.370051635111874,1.2013769363166953
Versova,23205670.436187398,27806.143780290793,837.3941841680129,8.224555735056542,1.18578352180937
Mazgaon,23031450.406504065,26729.970731707315,857.5463414634146,25.339837398373984,1.1609756097560975
Santacruz East,22725357.382550336,26303.137583892618,860.9496644295302,21.308724832214764,1.1208053691275168
Vile Parle East,22604376.470588237,26161.638655462186,867.6571428571428,19.749579831932774,1.2067226890756302
Lokhandwala,21293360.544217687,25565.818027210884,833.1853741496599,16.33503401360544,1.1428571428571428
Powai,21215770.382695507,25178.18801996672,839.3044925124792,25.101497504159735,1.2013311148086523
Sewri,20914621.669627,24147.218472468918,866.8827708703375,31.99467140319716,1.2397868561278864
Sion,20846907.80141844,24448.59219858156,855.0212765957447,27.21631205673759,1.1808510638297873
Oshiwara,19357459.866220735,22818.617056856187,854.0635451505017,24.37458193979933,1.160535117056856
Andheri East,17923697.391304348,21461.513043478262,836.528695652174,6.902608695652174,1.1860869565217391
Kurla West,17151711.9205298,19587.104304635763,880.2615894039735,10.165562913907285,1.228476821192053
Ghatkopar West,16569352.136752136,19174.641025641027,865.2239316239317,7.483760683760684,1.2820512820512822
Chembur,15317696.869851729,18081.932454695223,847.2322899505766,36.601317957166394,1.1828665568369028
Goregaon West,15214745.098039215,17919.736928104576,852.15522875817,18.959150326797385,1.2875816993464053
Goregaon East,14024850.533807829,16249.5871886121,867.6227758007118,10.249110320284698,1.2135231316725978
Vikhroli,13998475.279106857,16979.15470494418,821.7272727272727,33.961722488038276,1.1929824561403508
Malad West,13382824.476650564,16397.665056360707,819.0998389694042,15.22866344605475,1.1658615136876007
Kanjurmarg,12689017.182130584,14800.584192439863,859.8573883161512,41.52577319587629,1.2302405498281788
Kurla East,12460909.238249594,14747.048622366288,843.9983792544571,26.622366288492707,1.1507293354943273
Kandivali West,12429419.14191419,14253.79702970297,871.7640264026403,20.625412541254125,1.1848184818481848
Ghatkopar East,12271354.026845638,14990.604026845638,816.0738255033557,27.976510067114095,1.1711409395973154
Borivali West,12047750.430292599,13927.948364888123,869.7194492254733,23.34595524956971,1.2289156626506024
Mulund West,11603419.965576593,14185.51290877797,817.6798623063684,51.52323580034423,1.2358003442340793
Vashi,10815896.721311476,13204.672131147541,822.827868852459,6.862295081967213,1.157377049180328
Malad East,10801736.394557822,12808.892857142857,841.8146258503401,17.494897959183675,1.1394557823129252
Borivali East,10442337.883959044,12166.626279863482,858.9044368600682,7.977815699658703,1.2525597269624573
Kandivali East,10324013.698630137,12071.517123287671,856.0736301369863,12.724315068493151,1.178082191780822
Mulund East,10204265.339966832,12113.633499170812,839.480928689884,52.97014925373134,1.197346600331675
Bhandup,10201391.233766234,12330.076298701299,831.25,45.63961038961039,1.1233766233766234
Nerul,9961047.40061162,11426.374617737003,865.0336391437309,7.374617737003058,1.2844036697247707
Seawoods,9313684.30335097,11068.104056437389,842.8888888888889,32.44268077601411,1.1746031746031746
Sanpada,8984650.485436894,10482.9644012945,856.0792880258899,39.91747572815534,1.2297734627831716
Dahisar,8934015.177065767,10336.49747048904,866.1517706576728,9.173693086003373,1.2411467116357504
Belapur,8651635.273972603,10218.828767123288,844.4486301369863,6.916095890410959,1.2671232876712328
Thane West,8286303.482587065,9658.504145936982,860.0928689883914,61.87728026533997,1.2470978441127696
Kopar Khairane,7653093.023255814,8757.697674418605,867.0548172757475,58.68604651162791,1.2192691029900333
Kharghar,7446799.63898917,8750.759927797833,853.5523465703972,6.613718411552346,1.2093862815884477
Airoli,7287257.234726688,8725.332797427653,835.2652733118971,60.40514469453376,1.1639871382636655
Ghansoli,7138348.134991119,8193.177619893428,871.4245115452931,64.67140319715809,1.3214920071047958
Thane East,6590207.874015748,7858.335433070866,835.7417322834646,6.133858267716535,1.2031496062992126
Mira Road,6550782.905982906,7423.300854700855,890.5367521367522,60.78290598290598,1.2786324786324785
Ghodbunder Road,6481719.723183391,7789.76124567474,825.4965397923876,69.82179930795847,1.193771626297578
Manpada,6200091.710758378,7240.47442680776,856.0899470899471,65.72839506172839,1.2486772486772486
Bhayandar,5651657.331136738,6696.845140032949,840.3772652388798,59.92257001647447,1.1894563426688634
Kalwa,5160137.987012987,5950.571428571428,865.3327922077922,39.842532467532465,1.1883116883116882
Ulwe,5115289.950576606,5941.616144975288,869.0065897858319,77.28995057660626,1.1630971993410215
Panvel,4833343.470483005,5771.440071556351,838.5295169946332,5.085867620751341,1.2128801431127012
Taloja,4300185.737976783,4873.076285240464,880.3781094527363,74.67330016583747,1.1807628524046434
Dombivli,4017914.3356643356,4668.763986013986,857.2202797202797,88.8951048951049,1.1643356643356644
Kalyan,3955645.0,4717.255,840.1366666666667,4.63,1.1266666666666667
Mumbra,3665081.7717206134,4250.679727427598,859.2776831345826,72.33390119250426,1.1959114139693356
Virar,3503223.3676975947,4120.690721649485,849.139175257732,5.316151202749141,1.1580756013745706
Vasai,3317601.6393442624,3858.575409836066,861.8229508196721,103.16885245901639,1.2
Ambernath,3075056.994818653,3574.87219343696,870.7685664939551,118.50086355785838,1.2607944732297063
Naigaon,3031194.7040498443,3580.9641744548285,853.2102803738318,88.62305295950156,1.2398753894080996
Badlapur,2971104.377104377,3328.240740740741,889.7845117845118,148.76767676767676,1.239057239057239
Nala Sopara,2723279.72027972,3417.1783216783215,792.1486013986014,92.0506993006993,1.1748251748251748
